plant,GH_start,treatment,CO2,species,dryCoarseRootMass,dryFineRootMass,coarseRootDMC,fineRootDMC,SLA,LDMC,dryShootBiomass,shootDMC,dryRootBiomass,RGRshoot,RGRfineRoot,RGRcoarseRoot,RGRroot,RMF,allrootDMC,dryBiomass,rootFineProportion,stemDMC,stemDensity,rootDensity,root density
A1,2,recovery,E,acacia,4.426,1.549,0.241383072,0.119641616,26.40717822,0.469059406,14.709,0.448158191,5.975,0.07494382,0.008702247,0.024865169,0.033567416,0.288870625,0.190998306,20.684,0.259246862,0.469416785,0.536585366,0.469065657,0.469065657
A2,2,control,E,acacia,4.103,2.335,0.240166237,0.171956698,29.57634902,0.420206659,9.304,0.376497248,6.438,0.046359551,0.013117978,0.023050562,0.036168539,0.408969635,0.171977302,15.742,0.362690276,0.440025657,0.506273063,0.351304348,0.414485166
A3,2,waterlogged,E,acacia,0.596,0.162,0.228265033,0.133333333,23.552,0.3792,3.92,0.380287156,0.758,0.023552632,0.001065789,0.003921053,0.004986842,0.162035058,0.220531456,4.678,0.213720317,0.52020202,0.624242424,0.37784522,0.305220884
A4,2,recovery,E,acacia,2.113,1.1,0.213606955,0.167580743,27.02392947,0.391687657,6.621,0.367404695,3.213,0.033404494,0.006179775,0.011870787,0.018050562,0.326723612,0.19299435,9.834,0.342359166,0.441747573,0.500687758,0.34375,0.391927083
A5,2,recovery,E,acacia,3.737,1.03,0.225923463,0.108592514,27.49003984,0.363346614,11.432,0.410425792,4.767,0.057488764,0.005786517,0.020994382,0.026780899,0.294277425,0.195988539,16.199,0.216068806,0.461490683,0.21969249,0.313901345,0.421463415
A6,2,control,E,acacia,2.959,1.734,0.213445863,0.13123439,30.71159875,0.346394984,10.49,0.309887448,4.693,0.054258427,0.009741573,0.016623596,0.026365169,0.309095699,0.198432283,15.183,0.369486469,0.418779986,0.476599064,0.339534884,0.393145161
A7,2,control,E,acacia,4.104,2.004,0.228164786,0.134577933,28.45683453,0.382494005,15.933,0.356379172,6.108,0.083162921,0.011258427,0.02305618,0.034314607,0.277119913,0.150167741,22.041,0.328094303,0.383451537,0.433921883,0.303067485,0.342052314
A8,2,recovery,E,acacia,4.654,1.139,0.208933782,0.109942085,29.07894737,0.442583732,13.314,0.423204069,5.793,0.067769663,0.006398876,0.026146067,0.032544944,0.303187314,0.216706789,19.107,0.196616606,0.475958941,0.557242252,0.429032258,0.42208589
A9,2,waterlogged,E,acacia,0.703,0.395,0.246062303,0.146785582,26.14531755,0.410118407,3.858,0.388128773,1.098,0.020348684,0.002598684,0.004625,0.007223684,0.221549637,0.196125292,4.956,0.359744991,0.43537415,0.506596306,0.357761492,0.298611111
A10,2,control,E,acacia,1.574,0.79,0.241115196,0.109448601,27.73259053,0.309192201,5.567,0.30339528,2.364,0.028230337,0.004438202,0.008842697,0.013280899,0.298070861,0.199330278,7.931,0.334179357,0.383693046,0.405063291,0.333333333,0.351304348
A11,2,waterlogged,E,acacia,0.877,0.094,0.242399116,0.119745223,28.60365854,0.293699187,2.112,0.298262957,0.971,0.010782895,0.000618421,0.005769737,0.006388158,0.314952968,0.209959887,3.083,0.096807415,0.389830508,0.429906542,0.414485166,0.37784522
A12,2,waterlogged,E,acacia,0.529,0.325,0.229103508,0.153591682,25.42764858,0.391472868,3.161,0.389333662,0.854,0.017322368,0.002138158,0.003480263,0.005618421,0.212702366,0.209399514,4.015,0.380562061,0.445544554,0.576923077,0.463314097,0.34375
A13,3,waterlogged,A,acacia,0.688,0.338,0.218204884,0.1623439,27.60969977,0.324095458,4.18,0.331430384,1.026,0.0225,0.002223684,0.004526316,0.00675,0.197080292,0.207136186,5.206,0.329434698,0.429113924,0.525581395,0.503337784,0.313901345
A14,3,waterlogged,A,acacia,0.446,0.921,0.10556213,0.345720721,26.8006795,0.392978482,6.965,0.380330912,1.367,0.040263158,0.006059211,0.002934211,0.008993421,0.164066251,0.177380198,8.332,0.673738113,0.445438283,0.503538928,0.342943854,0.339534884
A15,3,control,A,acacia,1.926,0.894,0.175713895,0.114351497,23.96156745,0.220045215,5.041,0.229972628,2.82,0.024775281,0.005022472,0.010820225,0.015842697,0.358732986,0.188035408,7.861,0.317021277,0.329766537,0.362955032,0.428327645,0.303067485
A16,3,recovery,A,acacia,3.813,0.688,0.237555293,0.1457936,26.12682091,0.420736932,11.264,0.418191944,4.501,0.057106742,0.003865169,0.021421348,0.025286517,0.285505867,0.1771147,15.765,0.152854921,0.479117415,0.552727273,0.391304348,0.429032258
A17,3,recovery,A,acacia,3.002,0.855,0.250187516,0.111516891,35.2462077,0.416569428,8.685,0.394683027,3.857,0.042348315,0.004803371,0.016865169,0.021668539,0.30752671,0.177836809,12.542,0.221674877,0.44809983,0.491293532,0.398409894,0.357761492
A19,3,waterlogged,A,acacia,0.951,0.18,0.22162666,0.130151844,26.06878981,0.36433121,4.236,0.353736952,1.131,0.023967105,0.001184211,0.006256579,0.007440789,0.210732253,0.243389831,5.367,0.159151194,0.420547945,0.488853503,0.41108545,0.333333333
A20,3,control,A,acacia,4.017,2.096,0.335673101,0.121676535,29.85172798,0.389074693,8.563,0.374568042,6.113,0.04305618,0.011775281,0.022567416,0.034342697,0.41653039,0.247987118,14.676,0.342875838,0.456431535,0.542406312,0.75,0.463314097
A21,3,control,A,acacia,5.575,1.966,0.269115659,0.125302741,26.40191388,0.437001595,14.246,0.386594301,7.541,0.075157303,0.011044944,0.031320225,0.042365169,0.346123835,0.178515557,21.787,0.260708129,0.50296359,0.564638783,0.360045147,0.503337784
A22,3,control,A,acacia,2.649,0.712,0.208517003,0.114029468,27.6427305,0.319148936,6.118,0.305838832,3.361,0.030438202,0.004,0.014882022,0.018882022,0.354573267,0.228105712,9.479,0.211841714,0.358271865,0.402366864,0.370558376,0.342943854
A23,3,recovery,A,acacia,3.242,0.709,0.201943441,0.14300121,28.7635468,0.371921182,7.636,0.390149193,3.951,0.039123596,0.003983146,0.018213483,0.022196629,0.340985587,0.198118139,11.587,0.179448241,0.442054958,0.491367862,0.305220884,0.428327645
A24,3,waterlogged,A,acacia,0.519,0.128,0.193873739,0.131147541,22.66242038,0.26433121,2.381,0.273426734,0.647,0.012572368,0.000842105,0.003414474,0.004256579,0.213672391,0.17575444,3.028,0.197836167,0.409259259,0.473233405,0.335358445,0.391304348
A25,4,recovery,E,acacia,4.069,0.885,0.198391029,0.12045733,26.78257042,0.704225352,12.395,0.432589956,4.954,0.062067416,0.00497191,0.022859551,0.027831461,0.285549599,0.167164631,17.349,0.17864352,0.312571429,0.367607527,0.37413925,0.398409894
A26,4,control,E,acacia,2.507,1.801,0.26942504,0.21453246,24.38615023,0.429577465,6.829,0.397543369,4.308,0.034848315,0.010117978,0.01408427,0.024202247,0.386818712,0.184278758,11.137,0.418059424,0.455341506,0.530612245,0.339477727,0.41108545
A27,4,waterlogged,E,acacia,0.112,0.042,0.279301746,0.190909091,19.92156863,0.232843137,0.548,0.301098901,0.154,0.002657895,0.000276316,0.000736842,0.001013158,0.219373219,0.270440074,0.702,0.272727273,0.418803419,0.532608696,0.526283988,0.75
A28,4,recovery,E,acacia,2.497,1.611,0.227372063,0.133915212,30.49837134,0.433224756,7.827,0.405565055,4.108,0.03991573,0.009050562,0.01402809,0.023078652,0.344197738,0.207430589,11.935,0.392161636,0.457372116,0.504424779,0.299337748,0.360045147
A29,4,control,E,acacia,5.093,4.479,0.24232764,0.213835577,26.68007149,0.363717605,11.537,0.350009101,9.572,0.060219101,0.025162921,0.02861236,0.053775281,0.453455872,0.170859816,21.109,0.467927288,0.439572193,0.491039427,0.398273736,0.370558376
A30,4,control,E,acacia,2.911,2.185,0.227991855,0.134652123,31.5426787,0.338653713,12.644,0.327734578,5.096,0.06552809,0.012275281,0.016353933,0.028629213,0.287260428,0.171927219,17.74,0.428767661,0.430446194,0.476744186,NA,0.335358445
A31,4,recovery,E,acacia,3.69,0.73,0.195475976,0.096509783,26.97347894,0.446957878,9.179,0.430232013,4.42,0.045449438,0.004101124,0.020730337,0.024831461,0.325023899,0.156083941,13.599,0.165158371,0.491897045,0.567032967,0.306306306,0.37413925
A32,4,waterlogged,E,acacia,2.029,0.885,0.217330763,0.136637332,26.05532787,0.43442623,9.524,0.412187311,2.914,0.054618421,0.005822368,0.013348684,0.019171053,0.234282039,0.172563386,12.438,0.303706246,0.459677419,0.514175258,0.400343643,0.339477727
A33,4,control,E,acacia,6.728,2.828,0.307974,0.209652309,27.00195122,0.388292683,15.147,0.384851873,9.556,0.078938202,0.01588764,0.037797753,0.053685393,0.386835607,0.183664543,24.703,0.295939724,0.479725086,0.5584,0.403560831,0.526283988
A34,4,waterlogged,E,acacia,1.821,0.764,0.214765892,0.191815215,20.60447761,0.39800995,6.319,0.351348346,2.585,0.035631579,0.005026316,0.011980263,0.017006579,0.290318958,0.195247934,8.904,0.295551257,0.416428571,0.605399792,0.391927083,0.299337748
A35,4,recovery,E,acacia,2.198,1.673,0.215998428,0.134054487,28.49635036,0.419708029,6.645,0.402776094,3.871,0.033382022,0.009398876,0.012348315,0.021747191,0.368105744,0.264224138,10.516,0.432188065,0.458974359,0.522627737,0.412765957,0.398273736
A36,4,waterlogged,E,acacia,0.313,0.15,0.220112518,0.118017309,27.44540728,0.285961872,1.4,0.267073636,0.463,0.007184211,0.000986842,0.002059211,0.003046053,0.248523886,0.155038381,1.863,0.323974082,0.379310345,NA,0.398071625,NA
A37,5,control,A,acacia,2.662,0.804,0.181002244,0.107214295,26.09013283,0.25142315,7.497,0.273803002,3.466,0.038595506,0.004516854,0.014955056,0.01947191,0.316154337,0.215282624,10.963,0.231967686,0.385927505,0.400885936,0.435406699,0.306306306
A38,5,waterlogged,A,acacia,1.259,0.531,0.214809759,0.11768617,25.56083803,0.35455278,6.628,0.306937112,1.79,0.037789474,0.003493421,0.008282895,0.011776316,0.212639582,0.190031153,8.418,0.296648045,0.404371585,0.455852156,0.402777778,0.400343643
A39,5,control,A,acacia,4.432,5.226,0.172203443,0.194651371,26.92,0.448484848,3.519,0.072461082,9.658,0.010601124,0.029359551,0.024898876,0.054258427,0.732943766,0.146831002,13.177,0.541105819,0.448631354,0.506827309,0.408743928,0.403560831
A40,5,recovery,A,acacia,2.643,1.648,1.009163803,0.120989648,30.42038217,0.373673036,11.129,0.398431906,4.291,0.058404494,0.009258427,0.014848315,0.024106742,0.278274968,0.174809712,15.42,0.38405966,0.434138737,0.497321429,0.408382066,0.412765957
A41,5,recovery,A,acacia,2.045,1.126,0.200509854,0.109810806,31.6451049,0.414335664,9.323,0.371789759,3.171,0.048853933,0.006325843,0.011488764,0.017814607,0.253801825,0.173097133,12.494,0.355093031,0.419806243,0.482673267,0.370068027,0.398071625
A42,5,waterlogged,A,acacia,0.856,0.378,0.249708285,0.1640625,22.05703422,0.353612167,5.284,0.459598156,1.234,0.029631579,0.002486842,0.005631579,0.008118421,0.189321878,0.146580388,6.518,0.306320908,0.434968017,0.518424396,0.361974406,0.435406699
A43,5,waterlogged,A,acacia,0.322,0.288,0.202898551,0.177449168,22.41540404,0.295454545,1.879,0.106362504,0.61,0.009868421,0.001894737,0.002118421,0.004013158,0.245078345,0.215107243,2.489,0.472131148,0.369897959,0.435435435,0.470588235,0.402777778
A44,5,control,A,acacia,4.217,2.228,0.188267333,0.103652012,29.90374332,0.385026738,14.561,0.380222478,6.445,0.076691011,0.012516854,0.023691011,0.036207865,0.3068171,0.183162991,21.006,0.345694337,0.426289926,0.485654304,0.421463415,0.408743928
A45,5,recovery,A,acacia,2.709,1.402,0.234079323,0.117381112,28.72175981,0.409036861,10.036,0.416276079,4.111,0.051073034,0.007876404,0.015219101,0.023095506,0.290591645,0.173326932,14.147,0.341036244,0.434562545,0.496694215,0.393145161,0.408382066
A46,5,recovery,A,acacia,1.674,0.632,0.200119546,0.12749647,28.45054945,0.391208791,6.962,0.3766297,2.306,0.034191011,0.003550562,0.009404494,0.012955056,0.24881312,0.185777724,9.268,0.27406765,0.421052632,0.48372093,0.342052314,0.370068027
A47,5,control,A,acacia,2.719,3.012,0.179507493,0.125756753,29.54133858,0.38976378,11.66,0.349656641,5.731,0.061162921,0.016921348,0.015275281,0.032196629,0.329538267,0.17750881,17.391,0.525562729,0.40712743,0.448809524,0.42208589,0.361974406
A48,5,waterlogged,A,acacia,1.829,0.247,0.218832257,0.191028616,25.47457627,0.421307506,8.519,0.725762481,2.076,0.049730263,0.001625,0.012032895,0.013657895,0.195941482,0.197909156,10.595,0.118978805,0.486126526,0.546816479,0.298611111,0.470588235
C1,2,control,E,cas,9.388,6.755,0.376423416,0.27114358,15.80484262,0.339467312,24.213,0.390186125,16.143,0.124911111,0.037527778,0.052155556,0.089683333,0.400014868,0.323812007,40.356,0.418447624,0.403929273,0.458519179,0.420608899,0.420608899
C2,2,recovery,E,cas,2.944,3.364,0.177392143,0.1572624,20.20493151,0.390684932,9.829,0.367096172,6.308,0.048,0.018688889,0.016355556,0.035044444,0.390902894,0.190850701,16.137,0.533291059,0.376582278,0.423864648,0.353548387,0.335652174
C3,2,waterlogged,E,cas,1.012,0.482,0.244326412,0.272778721,21.46092184,0.322645291,3.715,0.269985465,1.494,0.020809211,0.003171053,0.006657895,0.009828947,0.286811288,0.221995761,5.209,0.322623829,0.368173258,0.403508772,0.378186969,0.268170426
C4,2,control,E,cas,7.278,4.217,0.311358289,0.188267333,18.98555276,0.380653266,20.334,0.37719819,11.495,0.104366667,0.023427778,0.040433333,0.063861111,0.361148638,0.211329265,31.829,0.366855154,0.673819742,0.447081158,0.25862069,0.404199475
C5,2,waterlogged,E,cas,1.548,0.753,0.205714286,0.251335113,22.24086604,0.403247632,6.712,0.362399438,2.301,0.038842105,0.004953947,0.010184211,0.015138158,0.255297903,0.17999447,9.013,0.327249022,0.392307692,0.430379747,0.367400881,0.295890411
C6,2,recovery,E,cas,4.754,2.471,0.218434111,0.184416748,21.971285,0.381191673,11.227,0.365557437,7.225,0.056394444,0.013727778,0.026411111,0.040138889,0.391556471,0.235889938,18.452,0.34200692,0.409466566,0.461473328,0.378109453,0.375830013
C7,2,waterlogged,E,cas,0.763,0.229,0.284701493,0.179467085,23.91223733,0.333745365,3.672,0.328150134,0.992,0.020559211,0.001506579,0.005019737,0.006526316,0.212692967,0.190871521,4.664,0.230846774,0.353767561,0.388499299,0.368253968,0.331730769
C8,2,control,E,cas,9.18,5.91,0.31558321,0.260260701,18.12755599,0.309152872,22.786,0.333704344,15.09,0.118055556,0.032833333,0.051,0.083833333,0.398405323,0.17880107,37.876,0.391650099,0.388362069,0.432341651,0.334041047,0.384311791
C9,2,control,E,cas,5.116,5.316,0.310361563,0.252673606,19.15921963,0.337319069,18.006,0.353634346,10.432,0.092872222,0.029533333,0.028422222,0.057955556,0.366833111,0.206264888,28.438,0.50958589,0.377254509,0.411026201,0.380705882,0.359732824
C10,2,recovery,E,cas,3.494,0.874,0.203269533,0.153387153,21.54694682,0.597504924,7.568,0.364599894,4.368,0.034894444,0.004855556,0.019411111,0.024266667,0.365951743,0.180943007,11.936,0.200091575,0.339945897,0.316010059,0.352579853,0.353548387
C11,2,recovery,E,cas,4.628,3.541,0.211720573,0.237030591,22.20326937,0.343994314,9.128,0.344439832,8.169,0.045577778,0.019672222,0.025711111,0.045383333,0.47227843,0.217077281,17.297,0.433467989,0.378006873,0.424710425,0.292639138,0.378186969
C12,2,waterlogged,E,cas,0.898,0.695,0.257675753,0.171477918,17.7920541,0.288250211,4.572,0.320123232,1.593,0.025822368,0.004572368,0.005907895,0.010480263,0.258394161,0.166056809,6.165,0.436283741,0.34,0.373626374,0.335652174,0.25862069
C13,3,recovery,A,cas,3.673,2.186,0.20940707,0.145626541,21.4247714,0.034912718,11.659,0.253076906,5.859,0.058727778,0.012144444,0.020405556,0.03255,0.334455988,0.218592489,17.518,0.373101212,0.355319149,0.39271017,0.353975535,0.367400881
C14,3,control,A,cas,5.749,3.124,0.267706636,0.193556382,23.49090909,0.337373737,14.349,0.343853343,8.873,0.071838889,0.017355556,0.031938889,0.049294444,0.382094565,0.267830998,23.222,0.352079342,0.392054365,0.439882698,0.293522267,0.378109453
C15,3,recovery,A,cas,3.603,1.616,0.239784374,0.131200779,23.73426573,0.411888112,9.929,0.289458341,5.219,0.048766667,0.008977778,0.020016667,0.028994444,0.344533932,0.118355162,15.148,0.309637862,0.370712401,0.413843888,0.263059701,0.368253968
C16,3,control,A,cas,3.855,0.622,0.234161453,0.072527985,21.50901226,0.321557318,8.1,0.32537961,4.477,0.041511111,0.003455556,0.021416667,0.024872222,0.355967242,0.211963883,12.577,0.138932321,0.354085603,0.382352941,0.308924485,0.334041047
C17,3,recovery,A,cas,6.553,3.232,0.231710336,0.16870237,18.54090909,0.352272727,18.784,0.34235515,9.785,0.095333333,0.017955556,0.036405556,0.054361111,0.342504113,0.327191452,28.569,0.330301482,0.3770184,0.422914912,0.443502825,0.380705882
C18,3,recovery,A,cas,5.047,2.49,0.197704481,0.154409029,19.0528757,0.357142857,13.826,0.355369352,7.537,0.070366667,0.013833333,0.028038889,0.041872222,0.352806254,0.250010372,21.363,0.330370174,0.396419437,0.442604226,0.402521823,0.352579853
C19,3,waterlogged,A,cas,1.525,1.18,0.224396704,0.208296558,19.34043746,0.329781268,7.98,0.324218909,2.705,0.045263158,0.007763158,0.010032895,0.017796053,0.253158634,0.220470452,10.685,0.436229205,0.351648352,0.387878788,0.371257485,0.292639138
C20,3,control,A,cas,4.182,1.586,0.24617377,0.168741355,21.49933125,0.357556844,12.185,0.339831548,5.768,0.059616667,0.008811111,0.023233333,0.032044444,0.321283351,0.220484973,17.953,0.274965326,0.365470852,0.408010013,0.345628415,0.353975535
C21,3,waterlogged,A,cas,1.084,1.477,0.256264775,0.277006752,18.30343716,0.340494092,4.048,0.335016138,2.561,0.020743421,0.009717105,0.007131579,0.016848684,0.387501891,0.237034012,6.609,0.576727841,0.339401821,0.37716763,0.344277674,0.293522267
C22,3,waterlogged,A,cas,1.04,0.189,0.180901026,0.040776699,19.90915119,0.198938992,1.279,0.073035633,1.229,0.005671053,0.001243421,0.006842105,0.008085526,0.490031898,0.174525472,2.508,0.153783564,0.108333333,0.122129436,0.372318339,0.263059701
C24,3,control,A,cas,1.35,0.1505,0.326008211,0.338202247,21.43016069,0.656365884,5.876,1.76244751,1.5005,0.027611111,0.000836111,0.0075,0.008336111,0.203416254,0.252834659,7.3765,0.1002999,NA,NA,0.268170426,0.443502825
C23,4,waterlogged,A,cas,1.026,0.852,0.207734359,0.217291507,22.04714829,0.358174905,6.112,0.331381479,1.878,0.034809211,0.005605263,0.00675,0.012355263,0.235043805,0.262974112,7.99,0.453674121,0.354969574,0.395480226,0.387351779,0.308924485
C25,4,control,E,cas,4.05,1.976,0.31132293,0.178114296,19.1826087,0.36173913,11.082,0.361047762,6.026,0.056505556,0.010977778,0.0225,0.033477778,0.352232874,0.260710907,17.108,0.32791238,0.396634615,0.441570027,0.309751434,0.402521823
C26,4,recovery,E,cas,4.043,2.068,0.243378281,0.186205655,20.40697674,0.314637483,9.884,0.326981606,6.111,0.049061111,0.011488889,0.022461111,0.03395,0.382056893,0.207843074,15.995,0.338406153,0.381105398,0.414685315,0.396592244,0.371257485
C27,4,waterlogged,E,cas,1.991,0.364,0.229483633,0.181546135,20.88134382,0.345246605,6.324,0.328656065,2.355,0.035940789,0.002394737,0.013098684,0.015493421,0.271344625,0.218664814,8.679,0.154564756,0.362763916,0.443141852,0.298657718,0.345628415
C28,4,recovery,E,cas,2.619,1.444,0.236137409,0.238677686,20.36245955,0.356796117,7.271,0.334976504,4.063,0.035294444,0.008022222,0.01455,0.022572222,0.358478913,0.313752277,11.334,0.355402412,0.376479874,0.408390411,0.351898734,0.344277674
C29,4,recovery,E,cas,5.153,2.12,0.179315865,0.163883735,24.72481752,0.380291971,13.29,0.354740551,7.273,0.066933333,0.011777778,0.028627778,0.040405556,0.353693527,0.213644004,20.563,0.291489069,0.380876915,0.421637427,0.355481728,0.372318339
C31,4,control,E,cas,6.341,2.395,0.296349956,0.202571259,21.7599278,0.343862816,14.069,0.363643413,8.736,0.0722,0.013305556,0.035227778,0.048533333,0.383073887,0.159760104,22.805,0.27415293,0.40115942,0.454366382,0.344262295,0.387351779
C32,4,waterlogged,E,cas,1.172,0.757,0.284880895,0.2304414,21.40220588,0.350735294,4.908,0.333627897,1.929,0.026980263,0.004980263,0.007710526,0.012690789,0.28214129,0.248541304,6.837,0.392431312,0.372040586,0.408921933,0.302571861,0.309751434
C33,4,recovery,E,cas,7.92,4.975,0.240766074,0.17068652,21.4813154,0.3632287,16.225,0.366467904,12.895,0.082222222,0.027638889,0.044,0.071638889,0.442822802,0.18853482,29.12,0.385808453,0.398556876,0.446930033,0.341823056,0.396592244
C34,4,waterlogged,E,cas,3.017,1.074,0.24466791,0.168391345,16.77577465,0.336338028,11.764,0.307025786,4.091,0.068243421,0.007065789,0.019848684,0.026914474,0.258025859,0.251125093,15.855,0.262527499,0.336868901,0.360745116,0.404199475,0.298657718
C35,4,control,E,cas,6.102,2.166,0.293027276,0.391823444,18.87719298,0.325614035,9.841,0.351790949,8.268,0.048572222,0.012033333,0.0339,0.045933333,0.456568557,0.209007433,18.109,0.261973875,0.409032258,0.453505007,0.283707865,0.351898734
C36,4,waterlogged,E,cas,2.231,1.455,0.215368279,0.21105309,20.12699514,0.400416378,6.397,0.369576521,3.686,0.035644737,0.009572368,0.014677632,0.02425,0.365565804,0.249340525,10.083,0.394736842,0.361510791,0.400398406,0.352154532,0.355481728
C37,5,control,A,cas,3.937,1.364,0.174195832,0.128922495,18.76006441,0.353193773,8.484,0.329207248,5.301,0.041361111,0.007577778,0.021872222,0.02945,0.384548422,0.231460907,13.785,0.257309942,0.364593301,0.405750799,0.383810188,0.344262295
C38,5,waterlogged,A,cas,1.433,0.995,0.240638119,0.260880965,22.58165939,0.32489083,6.11,0.317254271,2.428,0.034710526,0.006546053,0.009427632,0.015973684,0.284375732,0.171032735,8.538,0.409802306,0.329764454,0.362637363,0.361403509,0.302571861
C39,5,waterlogged,A,cas,1.869,0.397,0.263833992,0.080445795,22.79452055,0.337899543,7.528,0.314164093,2.266,0.043539474,0.002611842,0.012296053,0.014907895,0.231366143,0.182127607,9.794,0.175198588,0.33915575,0.374598071,0.348998459,0.341823056
C40,5,waterlogged,A,cas,0.645,0.311,0.240312966,0.164550265,20.19836957,0.277173913,3.063,0.277521066,0.956,0.016717105,0.002046053,0.004243421,0.006289474,0.237870117,0.211599902,4.019,0.325313808,0.292682927,0.318584071,0.334862385,0.283707865
C41,5,control,A,cas,4.655,1.678,0.282240951,0.188412306,15.87600153,0.306753148,11.299,0.312213319,6.333,0.055972222,0.009322222,0.025861111,0.035183333,0.359176497,0.203005485,17.632,0.264961314,0.35443038,0.385321101,0.389878831,0.352154532
C42,5,control,A,cas,7.355,3.791,0.268616924,0.182487725,21.75761589,0.392715232,16.442,0.371151242,11.146,0.084577778,0.021061111,0.040861111,0.061922222,0.404016239,0.191201576,27.588,0.340122017,0.400641026,0.436757512,0.323636364,0.383810188
C43,5,recovery,A,cas,3.211,0.974,0.196812749,0.119450576,22.71376592,0.309278351,9.415,0.319879047,4.185,0.046888889,0.005411111,0.017838889,0.02325,0.307720588,0.195457387,13.6,0.232735962,0.355776588,0.396081772,0.368361582,0.361403509
C44,5,recovery,A,cas,4.23,1.656,0.195065714,0.155741559,17.23988439,0.349710983,11.863,0.337967579,5.886,0.059766667,0.0092,0.0235,0.0327,0.331624317,0.218705446,17.749,0.281345566,0.362099125,0.387157107,0.295890411,0.348998459
C45,5,waterlogged,A,cas,0.659,0.202,0.235525375,0.158929976,20.89604685,0.334553441,4.053,0.325176508,0.861,0.021552632,0.001328947,0.004335526,0.005664474,0.175213675,0.205471661,4.914,0.234610918,0.373831776,0.404040404,0.375830013,0.334862385
C46,5,recovery,A,cas,6.003,2.251,0.204017129,0.20035603,20.3272,0.3216,12.198,0.340583554,8.254,0.061088889,0.012505556,0.03335,0.045855556,0.403579112,0.250758342,20.452,0.272716259,0.359550562,0.40302267,0.331730769,0.389878831
C47,5,control,A,cas,1.947,0.965,0.226369027,0.145572485,22.26855124,0.306537102,6.78,0.302273741,2.912,0.0334,0.005361111,0.010816667,0.016177778,0.300453983,0.291329614,9.692,0.331387363,0.321128909,0.350249584,0.384311791,0.323636364
C48,5,recovery,A,cas,2.526,1.226,0.225676762,0.153192553,19.39976345,0.398580721,8.122,0.354069489,3.752,0.03875,0.006811111,0.014033333,0.020844444,0.315984504,0.27801615,11.874,0.326759062,0.379310345,0.42459605,0.359732824,0.368361582
E1,2,waterlogged,E,euc,3.667,1.526,0.232000506,0.346818182,29.71348979,0.419972987,18.812,0.376646779,5.193,0.087724832,0.010241611,0.024610738,0.034852349,0.216329931,0.25700287,24.005,0.293857115,0.379583746,0.348181818,0.215625,0.215625
E2,2,control,E,euc,10.999,3.544,0.253019254,0.194864464,27.96329114,0.434637514,28.09,0.366026869,14.543,0.134610465,0.020604651,0.063947674,0.084552326,0.341120728,0.187378049,42.633,0.243691123,0.33908214,0.365239295,0.2625,0.3112
E3,2,control,E,euc,11.695,0.78,0.324464543,0.249839846,28.43133201,0.411769384,21.882,0.370529667,12.475,0.091831395,0.004534884,0.067994186,0.07252907,0.363099223,0.200088355,34.357,0.06252505,0.388960205,0.414500684,0.27,0.365846682
E4,2,recovery,E,euc,20.705,3.134,0.273991637,0.17277689,29.01786824,0.442044748,31.783,0.377802344,23.839,0.159372093,0.01822093,0.120377907,0.138598837,0.428589407,0.177588033,55.622,0.131465246,0.407259141,0.430951709,0.25,0.292682927
E5,2,control,E,euc,17.669,1.492,0.337542506,0.261984197,26.54327563,0.413781625,25.868,0.38375267,19.161,0.12222093,0.008674419,0.102726744,0.111401163,0.425525772,0.201421183,45.029,0.0778665,0.395538244,0.405591866,0.310293386,0.378739656
E6,2,waterlogged,E,euc,5.234,1.778,0.217025335,0.128784586,38.79787077,0.453496969,21.402,0.389580603,7.012,0.117187919,0.011932886,0.035127517,0.047060403,0.246779756,0.159090909,28.414,0.253565317,0.392456219,0.397272727,0.1965496,0.302380952
E7,2,recovery,E,euc,12.105,5.448,0.231510701,0.224826675,28.08847515,0.407601169,32.44,0.375050581,17.553,0.168122093,0.031674419,0.070377907,0.102052326,0.351109155,0.242093102,49.993,0.310374295,0.383165278,0.471922246,0.34948605,0.350736278
E8,2,recovery,E,euc,9.254,4.118,0.222687458,0.228904947,28.86988848,0.40828099,26.517,0.366859894,13.372,0.129331395,0.02394186,0.053802326,0.077744186,0.335230264,0.309401238,39.889,0.307956925,0.362091939,0.393412957,0.375139978,0.324750192
E9,2,recovery,E,euc,5.573,1.835,0.218514743,0.158860705,26.65327895,0.421399435,19.019,0.349665392,7.408,0.090034884,0.010668605,0.032401163,0.043069767,0.28031937,0.151788069,26.427,0.247705184,0.343610548,0.382047812,0.282909931,0.30406766
E10,2,waterlogged,E,euc,2.643,0.43,0.198961156,0.137997433,34.77149949,0.447072565,11.3379,0.382313866,3.073,0.050254362,0.002885906,0.017738255,0.020624161,0.213241366,0.228183149,14.4109,0.139928409,0.378664104,0.384390244,0.341152473,0.2625
E11,2,waterlogged,E,euc,8.304,3.019,0.217410656,0.164120685,27.32267732,0.458291708,40.341,0.385153714,11.323,0.236174497,0.020261745,0.055731544,0.075993289,0.219166151,0.235865581,51.664,0.266625453,0.36886675,0.37025,0.3112,0.27
E12,2,waterlogged,E,euc,2.418,0.265,0.180622992,0.153980244,33.08836944,0.375142531,4.169,0.701970029,2.683,0.017013423,0.001778523,0.016228188,0.018006711,0.391564507,0.321815626,6.852,0.098770034,0.367205543,0.318,0.360443123,0.25
E13,3,recovery,A,euc,13.287,0.1488,0.208875684,0.048108632,27.00913082,0.376470588,10.399,0.179711397,13.4358,0.04255814,0.000865116,0.07725,0.078115116,0.563705171,0.186692378,23.8348,0.011074889,0.375502008,0.465405674,0.30087756,0.310293386
E14,3,waterlogged,A,euc,2.603,0.134,0.156158138,0.25046729,28.71056858,0.409090909,8.277,0.325213155,2.737,0.035020134,0.000899329,0.017469799,0.018369128,0.248501907,0.233816949,11.014,0.048958714,0.342933691,0.376747609,0.268031189,0.1965496
E16,3,control,A,euc,9.563,0.495,0.24740001,0.171161826,25.12556448,0.397265429,14.073,0.360790648,10.058,0.060034884,0.002877907,0.055598837,0.058476744,0.416808255,0.15947975,24.131,0.049214556,0.382081686,0.400276052,0.231920725,0.34948605
E17,3,control,A,euc,8.903,1.194,0.333146236,0.202030457,30.65568921,0.380398344,22.691,0.358592244,10.097,0.114988372,0.00694186,0.051761628,0.058703488,0.30794803,0.289004134,32.788,0.118252946,0.37357631,0.399512789,0.376226827,0.375139978
E18,3,recovery,A,euc,3.174,0.854,0.159537572,0.12857573,29.16982183,0.36247216,18.572,0.693969061,4.028,0.098226744,0.004965116,0.018453488,0.023418605,0.178230088,0.273899049,22.6,0.212015889,0.347866419,0.354442344,0.30111055,0.282909931
E19,3,recovery,A,euc,16.21,3.116,0.244989874,0.168170534,27.52131195,0.394307181,37.96,0.363535372,19.3262,0.195773256,0.018117442,0.094244186,0.112361628,0.337362227,0.191383953,57.2862,0.161231903,0.38289506,0.415134559,0.222222222,0.341152473
E20,3,control,A,euc,12.744,1.45,0.330480784,0.261544012,27.13244391,0.35839903,17.328,0.343523254,14.194,0.078598837,0.008430233,0.074093023,0.082523256,0.450288687,0.29711669,31.522,0.10215584,0.374069207,0.385379061,0.340101523,0.360443123
E21,3,recovery,A,euc,6.021,2.402,0.207864393,0.148721441,29.97561728,0.386265432,17.481,0.340163456,8.423,0.085005814,0.013965116,0.035005814,0.04897093,0.325162137,0.207652008,25.904,0.285171554,0.346938776,0.360606061,0.250172771,0.30087756
E22,3,waterlogged,A,euc,6.44,2.182,0.225419161,0.262701661,32.89434678,0.389693209,23.302,0.344088244,8.622,0.133597315,0.014644295,0.043221477,0.057865772,0.270078937,0.182227659,31.924,0.253073533,0.37372407,0.376826029,0.224570674,0.268031189
E23,3,waterlogged,A,euc,5.271,2.27,0.227227659,0.094237795,30.63583535,0.432445521,25.29,0.352272569,7.541,0.145020134,0.015234899,0.035375839,0.050610738,0.22969145,0.31851606,32.831,0.301021085,0.369429098,0.383996937,0.365846682,0.231920725
E24,3,control,A,euc,17.578,1.648,0.297392864,0.222162308,27.20198675,0.433112583,26.648,0.395083693,19.226,0.126482558,0.009581395,0.102197674,0.11177907,0.419104504,0.211138853,45.874,0.085717258,0.400578752,0.418755402,0.29813418,0.376226827
E25,4,recovery,E,euc,11.083,7.128,0.242341416,0.343435317,27.65087197,0.433602722,22.683,0.374004518,18.211,0.096139535,0.04144186,0.064436047,0.105877907,0.445322052,0.207877734,40.894,0.391411784,0.363699342,0.277998411,0.220112214,0.30111055
E26,4,waterlogged,E,euc,3.651,1.68,0.206492845,0.165126794,32.30160197,0.395769152,19.69,0.342547972,5.331,0.100711409,0.011275168,0.024503356,0.035778523,0.213061029,0.287154197,25.021,0.315137873,0.363716039,0.387126866,0.876380952,0.222222222
E27,4,control,E,euc,10.099,1.061,0.290059454,0.386661808,28.24424371,0.410910379,12.36,0.375204906,11.16,0.055401163,0.006168605,0.058715116,0.064883721,0.474489796,0.323846513,23.52,0.095071685,0.386243386,0.393682589,0.392420843,0.340101523
E28,4,waterlogged,E,euc,2.751,1.173,0.221765417,0.180683919,27.43107196,0.415055486,12.928,0.350285854,3.924,0.058120805,0.007872483,0.018463087,0.02633557,0.2328507,0.319984304,16.852,0.298929664,0.365714286,0.420499343,0.352922886,0.250172771
E29,4,recovery,E,euc,2.907,0.37,0.179688466,0.20498615,28.12474604,0.35046729,5.79,0.339330716,3.277,0.021755814,0.002151163,0.016901163,0.019052326,0.361420536,0.231217504,9.067,0.112908148,0.356906077,0.369142857,0.329012961,0.224570674
E30,4,recovery,E,euc,7.652,2.834,0.217485221,0.195718232,27.8490539,0.431622706,21.306,0.371806506,10.486,0.101110465,0.016476744,0.044488372,0.060965116,0.329831404,0.321230785,31.792,0.270265115,0.367629118,0.393728223,0.363705972,0.29813418
E31,4,waterlogged,E,euc,2.684,0.662,0.216783782,0.178196501,32.19961269,0.398033666,10.374,0.350579568,3.346,0.048033557,0.004442953,0.018013423,0.022456376,0.243877551,0.220214541,13.72,0.197848177,0.352522639,0.417624521,0.27563249,0.220112214
E32,4,waterlogged,E,euc,12.07,1.206,0.321901003,0.13803365,30.77263158,0.414947368,32.833,0.360917215,13.276,0.186375839,0.00809396,0.081006711,0.089100671,0.287926435,0.245365659,46.109,0.090840615,0.399358746,0.474196277,0.29604245,0.876380952
E33,4,control,E,euc,14.074,1.185,0.348849891,0.17493357,26.3670342,0.450850308,30.241,0.40177231,15.259,0.141360465,0.006889535,0.081825581,0.088715116,0.335362637,0.285631304,45.5,0.077659086,0.402925046,0.437301587,0.333959605,0.392420843
E34,4,control,E,euc,12.503,2.175,0.321463465,0.31173857,31.61063897,0.398069458,21.879,0.365643331,14.678,0.099046512,0.012645349,0.07269186,0.085337209,0.401509971,0.254399351,36.557,0.148180951,0.37491065,0.39946687,0.292682927,0.352922886
E35,4,recovery,E,euc,7.58,5.672,0.241332102,0.21895387,28.34974629,0.437511746,26.337,0.381060551,13.252,0.134517442,0.032976744,0.044069767,0.077046512,0.334739448,0.186344305,39.589,0.428010866,0.362728785,0.384140969,0.268276762,0.329012961
E36,4,control,E,euc,11.065,1.87,0.335954579,0.255081162,27.63536472,0.382385259,18.1,0.36414115,12.935,0.074389535,0.010872093,0.064331395,0.075203488,0.416787498,0.209624276,31.035,0.144568999,0.397860418,0.427945205,0.327825859,0.363705972
E37,5,waterlogged,A,euc,2.854,1.765,0.207956864,0.243414701,33.18286476,0.373121667,12.543,0.316175544,4.619,0.06014094,0.011845638,0.019154362,0.031,0.269141126,0.251331352,17.162,0.382117341,0.332892124,0.389620449,0.317158115,0.27563249
E38,5,control,A,euc,10.863,2.638,0.252012528,0.221327293,32.93104175,0.397089836,28.835,0.349176556,13.501,0.150889535,0.015337209,0.063156977,0.078494186,0.318901172,0.206754411,42.336,0.195392934,0.33546004,0.358836207,0.256365233,0.29604245
E39,5,control,A,euc,13.151,3.076,0.288994858,0.272091995,51.15728587,0.388876529,22.694,0.350676041,16.227,0.106093023,0.017883721,0.076459302,0.094343023,0.416921456,0.287730589,38.921,0.189560609,0.343208092,0.358761329,0.324315823,0.333959605
E40,5,waterlogged,A,euc,2.909,1.122,0.205046874,0.150705171,32.1470148,0.366372859,13.156,0.296888046,4.031,0.07,0.007530201,0.01952349,0.027053691,0.234537732,0.345985112,17.187,0.278342843,0.304601048,0.350536193,0.372188139,0.268276762
E41,5,recovery,A,euc,12.262,3.516,0.222411667,0.174612634,28.41111553,0.38645854,28.691,0.34473602,15.778,0.137697674,0.02044186,0.071290698,0.091732558,0.354808968,0.248563017,44.469,0.222841932,0.357598978,0.374206482,0.345451011,0.327825859
E42,5,recovery,A,euc,11.771,8.098,0.243247711,0.264088182,31.09926358,0.404571955,32.642,0.346724167,19.869,0.166761628,0.047081395,0.068436047,0.115517442,0.378377864,0.20245478,52.511,0.407569581,0.341073271,0.367120244,0.277497477,0.317158115
E43,5,waterlogged,A,euc,1.972,0.887,0.191289165,0.252060244,32.68002343,0.339777387,8.241,0.305052748,2.859,0.033469799,0.00595302,0.013234899,0.019187919,0.257567568,0.268020261,11.1,0.310248339,0.322992701,0.384782609,0.323228763,0.256365233
E44,5,control,A,euc,12.331,5.731,0.279051348,0.308366963,30.4619226,0.383825773,29.084,0.359110496,18.062,0.169932886,0.038463087,0.082758389,0.121221477,0.383107793,0.330128702,47.146,0.317295981,0.350809289,0.366678926,0.378739656,0.324315823
E45,5,control,A,euc,12.579,4.85,0.337148218,0.371220819,28.90799152,0.418900386,22.125,0.378612865,17.429,0.102965116,0.028197674,0.073133721,0.101331395,0.440638115,0.184900984,39.554,0.278271846,0.387298091,0.407021605,0.302380952,0.372188139
E46,5,recovery,A,euc,12.789,6.714,0.256462189,0.234788082,29.21498076,0.434713736,39.654,0.373066647,19.503,0.201104651,0.039034884,0.074354651,0.113389535,0.329682033,0.229394007,59.157,0.34425473,0.379975124,0.407469156,0.350736278,0.345451011
E47,5,waterlogged,A,euc,2.256,0.878,0.2375487,0.146749123,29.4120556,0.356722801,11.066,0.320391442,3.134,0.052765101,0.005892617,0.01514094,0.021033557,0.220704225,0.224565882,14.2,0.280153159,0.347177158,0.40777439,0.324750192,0.277497477
E48,5,recovery,A,euc,7.709,4.673,0.282091628,0.247641759,26.34505022,0.401901004,26.522,0.35332987,12.382,0.136011628,0.027168605,0.044819767,0.071988372,0.318270615,0.199919039,38.904,0.377402681,0.37922189,0.388864533,0.30406766,0.323228763
